Technology,Library/Theme,API,URL,Coder 1,Self-Direction 1,Stimulation 1,Hedonism 1,Achievement 1,Power 1,Security 1,Tradition 1,Conformity 1,Benevolence 1,Universalism 1,Coder 2,Self-Direction 2,Stimulation 2,Hedonism 2,Achievement 2,Power 2,Security 2,Tradition 2,Conformity 2,Benevolence 2,Universalism 2
,,,https://www.youtube.com/watch?v=huTUOek4LgU,Liam,Non-Relevant,Non-Relevant,Non-Relevant,Non-Relevant,Non-Relevant,Non-Relevant,Respect for tradition,Non-Relevant,Non-Relevant,Inner Harmony,Jingxu,Non-Relevant,Non-Relevant,Non-Relevant,Non-Relevant,Non-Relevant,Non-Relevant,Non-Relevant,Non-Relevant,Other,Inner Harmony
,,,https://www.youtube.com/watch?v=HBMmK1c44sE,Liam,Curious,Daring,Non-Relevant,Non-Relevant,Wealth,Non-Relevant,Non-Relevant,Non-Relevant,Non-Relevant,Non-Relevant,,,,,,,,,,,
,,,https://www.youtube.com/watch?v=4fgrbWfUrO4,Liam,Choosing Own Goals,Non-Relevant,Non-Relevant,Non-Relevant,Non-Relevant,Family Security,Non-Relevant,Non-Relevant,Non-Relevant,Non-Relevant,,,,,,,,,,,
,,,https://www.youtube.com/watch?v=r3V7Kf0k5M4,Liam,Freedom,Non-Relevant,Enjoying Life,Non-Relevant,Non-Relevant,Non-Relevant,Non-Relevant,Non-Relevant,Non-Relevant,Non-Relevant,,,,,,,,,,,
,,,https://www.youtube.com/watch?v=Nl2qBUJVNeM,Liam,Creativity,Non-Relevant,Non-Relevant,Successful,Non-Relevant,Non-Relevant,Non-Relevant,Non-Relevant,Non-Relevant,Non-Relevant,,,,,,,,,,,
,,,https://www.youtube.com/watch?v=__LVxw-BKyI,Liam,Non-Relevant,Excitement in Life,Non-Relevant,Non-Relevant,Non-Relevant,Non-Relevant,Non-Relevant,Non-Relevant,Mature Love,Non-Relevant,,,,,,,,,,,
,,,https://www.youtube.com/watch?v=VEACW5lO-8k,Liam,Non-Relevant,Non-Relevant,Non-Relevant,Non-Relevant,Non-Relevant,Social Order,Non-Relevant,Self-Discipline,Responsible,Non-Relevant,,,,,,,,,,,
,,,https://www.youtube.com/watch?v=cv8rSq2rke8,Liam,Freedom,Non-Relevant,Non-Relevant,Non-Relevant,Non-Relevant,Social Order,Non-Relevant,Self-Discipline,Responsible,Non-Relevant,,,,,,,,,,,
,,,https://www.youtube.com/watch?v=G-4tJ63X5vo,Liam,Non-Relevant,Excitement in Life,Self Endulgent,Non-Relevant,Wealth,Non-Relevant,Non-Relevant,Non-Relevant,Non-Relevant,Non-Relevant,,,,,,,,,,,
,,,https://www.youtube.com/watch?v=kklxyvig-GA,Liam,Non-Relevant,Non-Relevant,Enjoying Life,Non-Relevant,Non-Relevant,Non-Relevant,Non-Relevant,Non-Relevant,Non-Relevant,Non-Relevant,,,,,,,,,,,
,,,https://www.youtube.com/watch?v=huTUOek4LgU,Bethany,Non-Relevant,Non-Relevant,Non-Relevant,Non-Relevant,Non-Relevant,Non-Relevant,Non-Relevant,Non-Relevant,Non-Relevant,Non-Relevant,,,,,,,,,,,
,,,https://www.youtube.com/watch?v=HBMmK1c44sE,Bethany,Freedom,Excitement in Life,Pleasure,Non-Relevant,Non-Relevant,Non-Relevant,Non-Relevant,Non-Relevant,Non-Relevant,Non-Relevant,,,,,,,,,,,
,,,https://www.youtube.com/watch?v=4fgrbWfUrO4,Bethany,,Non-Relevant,Non-Relevant,Non-Relevant,Non-Relevant,Non-Relevant,Accepting my portion in life,Non-Relevant,Mature Love,Inner Harmony,,,,,,,,,,,
,,,https://www.youtube.com/watch?v=r3V7Kf0k5M4,Bethany,Choosing Own Goals,Excitement in Life,Enjoying Life,Ambitious,Non-Relevant,Non-Relevant,Non-Relevant,Non-Relevant,True Friendship,Unity with Nature,,,,,,,,,,,
,,,https://www.youtube.com/watch?v=Nl2qBUJVNeM,Bethany,Creativity,Excitement in Life,Self Endulgent,Influential,Social Recognition,Sense of Belonging,Non-Relevant,Non-Relevant,Mature Love,A World of Beauty,,,,,,,,,,,
,,,https://www.youtube.com/watch?v=__LVxw-BKyI,Bethany,Freedom,Excitement in Life,Enjoying Life,Non-Relevant,Non-Relevant,Family Security,Respect for tradition,Non-Relevant,Mature Love,Non-Relevant,,,,,,,,,,,
,,,https://www.youtube.com/watch?v=VEACW5lO-8k,Bethany,Self Respect,Non-Relevant,Non-Relevant,Non-Relevant,Non-Relevant,Healthy,Non-Relevant,Self-Discipline,Responsible,Non-Relevant,,,,,,,,,,,
,,,https://www.youtube.com/watch?v=cv8rSq2rke8,Bethany,Independent,Non-Relevant,Non-Relevant,Non-Relevant,Authority,National Security,Non-Relevant,Obedient,Non-Relevant,Non-Relevant,,,,,,,,,,,
,,,https://www.youtube.com/watch?v=G-4tJ63X5vo,Bethany,Choosing Own Goals,Excitement in Life,Pleasure,Influential,Non-Relevant,Non-Relevant,Respect for tradition,Non-Relevant,Mature Love,Non-Relevant,,,,,,,,,,,
,,,https://www.youtube.com/watch?v=kklxyvig-GA,Bethany,Creativity,Excitement in Life,Enjoying Life,Influential,Social Power,Non-Relevant,Non-Relevant,Non-Relevant,True Friendship,Non-Relevant,,,,,,,,,,,
,,,https://www.youtube.com/watch?v=huTUOek4LgU,Tim,Non-Relevant,Non-Relevant,Non-Relevant,Non-Relevant,Non-Relevant,Clean,Devout,Non-Relevant,A Spritual Life,A World at Peace,,Non-Relevant,Non-Relevant,Non-Relevant,Non-Relevant,Non-Relevant,Clean,Devout,Non-Relevant,Mature Love,A World at Peace
,,,https://www.youtube.com/watch?v=HBMmK1c44sE,Tim,Non-Relevant,Excitement in Life,Non-Relevant,Successful,Social Recognition,National Security,Non-Relevant,Non-Relevant,Non-Relevant,Non-Relevant,Jingxu,Independent,Excitement in Life,Non-Relevant,Other,Non-Relevant,National Security,Non-Relevant,Non-Relevant,Non-Relevant,Non-Relevant
,,,https://www.youtube.com/watch?v=4fgrbWfUrO4,Tim,Creativity,Other,Self Endulgent,Ambitious,Non-Relevant,Non-Relevant,Non-Relevant,Non-Relevant,Non-Relevant,Non-Relevant,Jingxu,Creativity,Non-Relevant,Pleasure,Influential,Non-Relevant,Non-Relevant,Non-Relevant,Non-Relevant,Non-Relevant,Non-Relevant
,,,https://www.youtube.com/watch?v=r3V7Kf0k5M4,Tim,Freedom,Excitement in Life,Self Endulgent,Ambitious,Non-Relevant,Non-Relevant,Non-Relevant,Non-Relevant,True Friendship,Non-Relevant,Jingxu,Freedom,Excitement in Life,Enjoying Life,Other,Non-Relevant,Non-Relevant,Non-Relevant,Non-Relevant,Meaning in Life,Non-Relevant
,,,https://www.youtube.com/watch?v=Nl2qBUJVNeM,Tim,Creativity,Non-Relevant,Self Endulgent,Non-Relevant,Non-Relevant,Non-Relevant,Non-Relevant,Non-Relevant,Mature Love,Non-Relevant,Jingxu,Creativity,Other,Pleasure,Non-Relevant,Social Recognition,Non-Relevant,Non-Relevant,Non-Relevant,Non-Relevant,Non-Relevant
,,,https://www.youtube.com/watch?v=__LVxw-BKyI,Tim,Non-Relevant,Non-Relevant,Pleasure,Other,Preserving my Public Image,Non-Relevant,Non-Relevant,Non-Relevant,Mature Love,Non-Relevant,Jingxu,Creativity,Excitement in Life,Pleasure,Other,Other,Non-Relevant,Other,Non-Relevant,Mature Love,Non-Relevant
,,,https://www.youtube.com/watch?v=VEACW5lO-8k,Tim,Non-Relevant,Non-Relevant,Non-Relevant,Non-Relevant,Authority,Social Order,Non-Relevant,Other,Non-Relevant,Other,Jingxu,,,,,,,,,,
,,,https://www.youtube.com/watch?v=cv8rSq2rke8,Tim,Non-Relevant,Non-Relevant,Non-Relevant,Successful,Authority,Social Order,Non-Relevant,Other,Non-Relevant,Other,Jingxu,Non-Relevant,Non-Relevant,Non-Relevant,Other,Authority,Healthy,Non-Relevant,Self-Discipline,Non-Relevant,Other
,,,https://www.youtube.com/watch?v=G-4tJ63X5vo,Tim,Non-Relevant,Non-Relevant,Pleasure,Successful,Non-Relevant,Sense of Belonging,Other,Non-Relevant,Mature Love,Non-Relevant,Jingxu,Non-Relevant,Non-Relevant,Pleasure,Other,Social Recognition,Sense of Belonging,Non-Relevant,Non-Relevant,Mature Love,Non-Relevant
,,,https://www.youtube.com/watch?v=kklxyvig-GA,Tim,Self Respect,Daring,Enjoying Life,Ambitious,Non-Relevant,Non-Relevant,Non-Relevant,Non-Relevant,True Friendship,Non-Relevant,Jingxu,Other,Other,Enjoying Life,Successful,Social Recognition,Other,Non-Relevant,Non-Relevant,Non-Relevant,Non-Relevant
,,,https://www.youtube.com/watch?v=huTUOek4LgU,Bugsy,Non-Relevant,Non-Relevant,Non-Relevant,Non-Relevant,Social Power,Sense of Belonging,Non-Relevant,Non-Relevant,A Spritual Life,A World at Peace,Jingxu,Other,Other,Pleasure,Influential,Other,Non-Relevant,Non-Relevant,Non-Relevant,A Spritual Life,A World of Beauty
,,,https://www.youtube.com/watch?v=HBMmK1c44sE,Bugsy,Non-Relevant,Daring,Non-Relevant,Ambitious,Social Recognition,Other,Non-Relevant,Non-Relevant,Non-Relevant,Non-Relevant,,,,,,,,,,,
,,,https://www.youtube.com/watch?v=4fgrbWfUrO4,Bugsy,Choosing Own Goals,Variation in Life,Non-Relevant,Influential,Social Power,Non-Relevant,Non-Relevant,Non-Relevant,Non-Relevant,Non-Relevant,,,,,,,,,,,
,,,https://www.youtube.com/watch?v=r3V7Kf0k5M4,Bugsy,Non-Relevant,Excitement in Life,Enjoying Life,Influential,Non-Relevant,Non-Relevant,Non-Relevant,Non-Relevant,Other,Non-Relevant,,,,,,,,,,,
,,,https://www.youtube.com/watch?v=Nl2qBUJVNeM,Bugsy,Independent,Variation in Life,Self Endulgent,Non-Relevant,Non-Relevant,Non-Relevant,Non-Relevant,Non-Relevant,Non-Relevant,Non-Relevant,,,,,,,,,,,
,,,https://www.youtube.com/watch?v=__LVxw-BKyI,Bugsy,Choosing Own Goals,Variation in Life,Enjoying Life,Other,Non-Relevant,Non-Relevant,Other,Non-Relevant,Mature Love,Non-Relevant,,,,,,,,,,,
,,,https://www.youtube.com/watch?v=VEACW5lO-8k,Bugsy,Non-Relevant,Variation in Life,Non-Relevant,Influential,Social Power,Healthy,Non-Relevant,Self-Discipline,Responsible,Non-Relevant,,,,,,,,,,,
,,,https://www.youtube.com/watch?v=cv8rSq2rke8,Bugsy,Choosing Own Goals,Non-Relevant,Non-Relevant,Non-Relevant,Non-Relevant,National Security,Non-Relevant,Self-Discipline,Responsible,Non-Relevant,,,,,,,,,,,
,,,https://www.youtube.com/watch?v=G-4tJ63X5vo,Bugsy,Choosing Own Goals,Variation in Life,Enjoying Life,Successful,Non-Relevant,Non-Relevant,Accepting my portion in life,Non-Relevant,Mature Love,Non-Relevant,,,,,,,,,,,
,,,https://www.youtube.com/watch?v=kklxyvig-GA,Bugsy,Non-Relevant,Other,Enjoying Life,Successful,Non-Relevant,Non-Relevant,Non-Relevant,Non-Relevant,Loyal,Non-Relevant,,,,,,,,,,,
,,,https://www.youtube.com/watch?v=ZkuHIa7EJMo,Jingxu,Non-Relevant,Other,Non-Relevant,Non-Relevant,,Non-Relevant,Non-Relevant,Self-Discipline,Non-Relevant,Non-Relevant,,,,,,,,,,,
,,,https://www.youtube.com/watch?v=jj3Xkh6NUjQ,Jingxu,Non-Relevant,Other,Non-Relevant,Non-Relevant,Non-Relevant,Healthy,Non-Relevant,Self-Discipline,Non-Relevant,Non-Relevant,,,,,,,,,,,
,,,https://www.youtube.com/watch?v=PHe0bXAIuk0,Jingxu,Non-Relevant,Non-Relevant,Non-Relevant,Non-Relevant,Non-Relevant,Non-Relevant,Non-Relevant,Non-Relevant,Non-Relevant,Non-Relevant,,,,,,,,,,,
,,,https://www.youtube.com/watch?v=6tLt9N3037U,Jingxu,Non-Relevant,Non-Relevant,Non-Relevant,Non-Relevant,Non-Relevant,Non-Relevant,Non-Relevant,Non-Relevant,Non-Relevant,Non-Relevant,,,,,,,,,,,
,,,https://www.youtube.com/watch?v=TWWEnH3EFMs,Jingxu,Other,Non-Relevant,Non-Relevant,Capabale,Non-Relevant,Non-Relevant,Non-Relevant,Non-Relevant,Non-Relevant,Non-Relevant,,,,,,,,,,,
,,,https://www.youtube.com/watch?v=uSSDrFHNQvE,Jingxu,Other,Non-Relevant,Non-Relevant,Other,Other,Non-Relevant,Non-Relevant,Non-Relevant,Non-Relevant,Other,,,,,,,,,,,
,,,https://www.youtube.com/watch?v=OBy3idLwwYM,Jingxu,Non-Relevant,Non-Relevant,Pleasure,Non-Relevant,Non-Relevant,Non-Relevant,Non-Relevant,Non-Relevant,Other,Non-Relevant,,,,,,,,,,,
,,,https://www.youtube.com/watch?v=cd2Ua9dKEl8,Jingxu,Non-Relevant,Non-Relevant,Non-Relevant,Other,Non-Relevant,Non-Relevant,Non-Relevant,Non-Relevant,Non-Relevant,Non-Relevant,,,,,,,,,,,
,,,https://www.youtube.com/watch?v=cD9s5yHu96I,Jingxu,Creativity,Other,Pleasure,Non-Relevant,Non-Relevant,Non-Relevant,Non-Relevant,Non-Relevant,Non-Relevant,Non-Relevant,,,,,,,,,,,
,,,https://www.youtube.com/watch?v=FAHQemdFklU,Jingxu,Other,Non-Relevant,Enjoying Life,Other,Non-Relevant,Non-Relevant,Non-Relevant,Non-Relevant,Non-Relevant,Non-Relevant,,,,,,,,,,,
,,,https://www.youtube.com/watch?v=qxr_ZmNA3Ws,Jingxu,Creativity,Other,Pleasure,Non-Relevant,Non-Relevant,Non-Relevant,Non-Relevant,Non-Relevant,Non-Relevant,Non-Relevant,,,,,,,,,,,
,,,https://www.youtube.com/watch?v=TlKXbjSpa0I,Jingxu,Other,Non-Relevant,Non-Relevant,Non-Relevant,Preserving my Public Image,Non-Relevant,Non-Relevant,Non-Relevant,Helpful,Non-Relevant,,,,,,,,,,,
,,,https://www.youtube.com/watch?v=xnyJQb37RRw,Jingxu,Other,Non-Relevant,Non-Relevant,Intelligent,Non-Relevant,Non-Relevant,Non-Relevant,Non-Relevant,Helpful,Non-Relevant,,,,,,,,,,,
,,,https://www.youtube.com/watch?v=TaOA_Zy2XUw,Jingxu,Other,Non-Relevant,Non-Relevant,Intelligent,Non-Relevant,Non-Relevant,Non-Relevant,Non-Relevant,Helpful,Non-Relevant,,,,,,,,,,,
,,,https://www.youtube.com/watch?v=OOEvll5RObI,Jingxu,Creativity,Other,Other,Influential,Social Recognition,Non-Relevant,Non-Relevant,Non-Relevant,Non-Relevant,Non-Relevant,,,,,,,,,,,
,,,https://www.youtube.com/watch?v=eNm_4w1NANU,Jingxu,Creativity,Excitement in Life,Other,Influential,Social Recognition,Non-Relevant,Non-Relevant,Non-Relevant,Non-Relevant,Non-Relevant,,,,,,,,,,,
,,,https://www.youtube.com/watch?v=Ogf0IVL4R18,Jingxu,Non-Relevant,Excitement in Life,Non-Relevant,Other,Other,Non-Relevant,Non-Relevant,Non-Relevant,Non-Relevant,Non-Relevant,,,,,,,,,,,
,,,https://www.youtube.com/watch?v=hw0opXl3LcI,Jingxu,Non-Relevant,Non-Relevant,Non-Relevant,Non-Relevant,Non-Relevant,Non-Relevant,Non-Relevant,Non-Relevant,Non-Relevant,Non-Relevant,,,,,,,,,,,
,,,https://www.youtube.com/watch?v=3D4Bz7r7cCM,Liam,Non-Relevant,Non-Relevant,Self Endulgent,Non-Relevant,Wealth,Non-Relevant,Non-Relevant,Non-Relevant,Non-Relevant,Non-Relevant,,,,,,,,,,,
,,,https://www.youtube.com/watch?v=GKqduNlzSEg,Liam,Creativity,Daring,Non-Relevant,Non-Relevant,Non-Relevant,Social Order,Non-Relevant,Non-Relevant,Non-Relevant,Non-Relevant,,,,,,,,,,,
,,,https://www.youtube.com/watch?v=G-Rp6bGORc8,Liam,Non-Relevant,Non-Relevant,Non-Relevant,Influential,Wealth,Social Order,Non-Relevant,Other,Non-Relevant,Non-Relevant,,,,,,,,,,,
,,,https://www.youtube.com/watch?v=NV0SOT9dYrw,Liam,Non-Relevant,Non-Relevant,Pleasure,Non-Relevant,Non-Relevant,Non-Relevant,Non-Relevant,Non-Relevant,Non-Relevant,Non-Relevant,,,,,,,,,,,
,,,https://www.youtube.com/watch?v=dxXGvQ9HpCg,Liam,Creativity,Variation in Life,Non-Relevant,Non-Relevant,Non-Relevant,Non-Relevant,Non-Relevant,Non-Relevant,Non-Relevant,Non-Relevant,,,,,,,,,,,
,,,https://www.youtube.com/watch?v=HU5u-qBr6Fw,Liam,Creativity,Variation in Life,Non-Relevant,Non-Relevant,Non-Relevant,Non-Relevant,Non-Relevant,Non-Relevant,Non-Relevant,Non-Relevant,,,,,,,,,,,
,,,https://www.youtube.com/watch?v=jI49SWyDgmE,Liam,Choosing Own Goals,,,Ambitious,,,,,,,,,,,,,,,,,
,,,https://www.youtube.com/watch?v=XnbCSboujF4,Liam,Curious,,,Successful,Social Recognition,,,,,,,,,,,,,,,,
,,,https://www.youtube.com/watch?v=8vQKdHhRSBk,Liam,,Variation in Life,,,,,,,Responsible,Unity with Nature,,,,,,,,,,,
,,,https://www.youtube.com/watch?v=VB4CCHHYOqY,Liam,Curious,Daring,Enjoying Life,,,,,,,,,,,,,,,,,,
,,,https://www.youtube.com/watch?v=E4Yrf0eP97k,Liam,,,Pleasure,Non-Relevant,Non-Relevant,Non-Relevant,Non-Relevant,Non-Relevant,Non-Relevant,Non-Relevant,,,,,,,,,,,
,,,https://www.youtube.com/watch?v=yYp_Shk7XcI,Liam,,,,,,,,,Responsible,Protecting the Environment,,,,,,,,,,,
,,,https://www.youtube.com/watch?v=pc8-8KfIW5c,Liam,Curious,Daring,Enjoying Life,,,,,,,,,,,,,,,,,,
,,,https://www.youtube.com/watch?v=_IBEgKpwk4o,Liam,Curious,Variation in Life,,Capabale,,,,,,,,,,,,,,,,,
,,,https://www.youtube.com/watch?v=30BFiSOP8JU,Liam,,,Pleasure,,,,,,,,,,,,,,,,,,
,,,https://www.youtube.com/watch?v=wqEC6iAtAU8,Liam,,,,,,,,Honouring of elders,,,,,,,,,,,,,
,,,https://www.youtube.com/watch?v=Nj2U6rhnucI,Liam,,,Enjoying Life,,,,,,,,,,,,,,,,,,
,,,https://www.youtube.com/watch?v=DKxCvAc-DvU,Liam,Curious,Daring,Enjoying Life,,,,,,,,,,,,,,,,,,
,,,https://www.youtube.com/watch?v=Ss5S3yiGxg8,Liam,Curious,,,,Social Power,Family Security,,,,A World of Beauty,,,,,,,,,,,
,,,https://www.youtube.com/watch?v=BQfKhwmlSVM,Liam,,,,,,,,Self-Discipline,Responsible,,,,,,,,,,,,
,,,https://www.youtube.com/watch?v=sbVBsrNnBy8,Liam,,,,,,Social Order,,Self-Discipline,Responsible,Inner Harmony,,,,,,,,,,,
,,,https://www.youtube.com/watch?v=zD68reVP0Ek,Jingxu,,,,,,,,,,,,,,,,,,,,,
,,,https://www.youtube.com/watch?v=BZsXcc_tC-o,Jingxu,Non-Relevant,Non-Relevant,Other,Non-Relevant,Non-Relevant,Sense of Belonging,Non-Relevant,Non-Relevant,Mature Love,Non-Relevant,,,,,,,,,,,
,,,https://www.youtube.com/watch?v=bNDzhB_FaVM,Jingxu,Other,Other,Other,Non-Relevant,Non-Relevant,Other,Non-Relevant,Other,Other,Non-Relevant,,,,,,,,,,,
,,,https://www.youtube.com/watch?v=Xw1C5T-fH2Y,Jingxu,Creativity,Non-Relevant,Pleasure,Non-Relevant,Non-Relevant,Non-Relevant,Non-Relevant,Non-Relevant,Non-Relevant,Non-Relevant,,,,,,,,,,,
,,,https://www.youtube.com/watch?v=5jTl022EAjM,Jingxu,Non-Relevant,Non-Relevant,Non-Relevant,Non-Relevant,Social Power,Other,Non-Relevant,Non-Relevant,Non-Relevant,Other,,,,,,,,,,,
,,,https://www.youtube.com/watch?v=0o2itl1rARs,Jingxu,Non-Relevant,Non-Relevant,Non-Relevant,Non-Relevant,Non-Relevant,Other,Non-Relevant,Non-Relevant,Helpful,Other,,,,,,,,,,,
,,,https://www.youtube.com/watch?v=PdVLk_dPmtc,Jingxu,Non-Relevant,Other,Enjoying Life,Non-Relevant,Non-Relevant,Non-Relevant,Non-Relevant,Non-Relevant,Non-Relevant,A World of Beauty,,,,,,,,,,,
,,,https://www.youtube.com/watch?v=VGV09dUwXo4,Jingxu,Non-Relevant,Other,Enjoying Life,Non-Relevant,Non-Relevant,Non-Relevant,Non-Relevant,Non-Relevant,Non-Relevant,A World of Beauty,,,,,,,,,,,
,,,https://www.youtube.com/watch?v=TsnSJK09wLw,Jingxu,Non-Relevant,Non-Relevant,Non-Relevant,Other,Social Recognition,Healthy,Non-Relevant,Self-Discipline,Non-Relevant,Non-Relevant,,,,,,,,,,,
,,,https://www.youtube.com/watch?v=rmQL30CAqH0,Jingxu,Non-Relevant,Non-Relevant,Enjoying Life,Influential,Preserving my Public Image,Non-Relevant,Non-Relevant,Non-Relevant,Non-Relevant,Non-Relevant,,,,,,,,,,,
,,,https://www.youtube.com/watch?v=O5IXhYySLxo,Jingxu,,,,,,,,,,,,,,,,,,,,,
,,,https://www.youtube.com/watch?v=jHXMnD9TcwE,Jingxu,Non-Relevant,Other,Pleasure,Influential,Social Recognition,Non-Relevant,Non-Relevant,Non-Relevant,Other,Non-Relevant,,,,,,,,,,,
,,,https://www.youtube.com/watch?v=VFtwy13W-NM,Liam,Freedom,Non-Relevant,,,,Social Order,,Politeness,,,,,,,,,,,,,
,,,https://www.youtube.com/watch?v=eaPXizk_wXM,Liam,,,,,Social Recognition,,,,,,,,,,,,,,,,
,,,https://www.youtube.com/watch?v=oRdxUFDoQe0,Liam,Choosing Own Goals,Daring,,,,Sense of Belonging,,,,,,,,,,,,,,,
,,,https://www.youtube.com/watch?v=vjbNhCHwlBo,Liam,,,,,,,,,Honest,,,,,,,,,,,,
,,,https://www.youtube.com/watch?v=9J5NlcSeX_0,Liam,,,,,Wealth,Social Order,,Obedient,Responsible,,,,,,,,,,,,
,,,https://www.youtube.com/watch?v=-1m92sI_oH4,Liam,Creativity,Daring,,,,,,,,,,,,,,,,,,,
,,,https://www.youtube.com/watch?v=NIeHnuWZBl0,Liam,,,,Successful,Social Recognition,,,,,,,,,,,,,,,,
,,,https://www.youtube.com/watch?v=qik2wyLe2DA,Liam,,,,,Authority,Social Order,,,Responsible,,,,,,,,,,,,
,,,https://www.youtube.com/watch?v=oNTl69SwFm0,Liam,,,,,,,,,Helpful,,,,,,,,,,,,
,,,https://www.youtube.com/watch?v=BxuY9FET9Y4,Liam,,,Pleasure,,,,,,Other,,,,,,,,,,,,
,,,https://www.youtube.com/watch?v=4xOEYSzAHu4,Liam,,,,,Authority,Social Order,,Obedient,Responsible,,,,,,,,,,,,
,,,https://www.youtube.com/watch?v=5nMQqN5BQ-k,Jingxu,Non-Relevant,Non-Relevant,Non-Relevant,Non-Relevant,Non-Relevant,Sense of Belonging,Non-Relevant,Non-Relevant,Mature Love,Non-Relevant,,,,,,,,,,,
,,,https://www.youtube.com/watch?v=QtXby3twMmI,Jingxu,Freedom,Excitement in Life,Enjoying Life,Non-Relevant,Non-Relevant,Non-Relevant,Non-Relevant,Non-Relevant,Meaning in Life,Other,,,,,,,,,,,
,,,https://www.youtube.com/watch?v=ALl2NTsUrFQ,Jingxu,Non-Relevant,Non-Relevant,Non-Relevant,Non-Relevant,Social Power,National Security,Non-Relevant,Non-Relevant,Non-Relevant,Non-Relevant,,,,,,,,,,,
,,,https://www.youtube.com/watch?v=CVuVaFY5uAU,Jingxu,Non-Relevant,Non-Relevant,Enjoying Life,Non-Relevant,Non-Relevant,Healthy,Non-Relevant,Non-Relevant,True Friendship,A World at Peace,,,,,,,,,,,
,,,https://www.youtube.com/watch?v=DsyhhFj3lto,Jingxu,Other,Daring,Non-Relevant,Influential,Social Power,Healthy,Other,Non-Relevant,Non-Relevant,Non-Relevant,,,,,,,,,,,
,,,https://www.youtube.com/watch?v=C_16oikMd6A,Jingxu,,,,,,,,,,,,,,,,,,,,,
,,,https://www.youtube.com/watch?v=h1PyFUEBaPs,Jingxu,Non-Relevant,Non-Relevant,Non-Relevant,Non-Relevant,Authority,Healthy,Non-Relevant,Non-Relevant,Non-Relevant,Non-Relevant,,,,,,,,,,,
,,,https://www.youtube.com/watch?v=Ag_PgzYRfQ4,Jingxu,Non-Relevant,Non-Relevant,Non-Relevant,Non-Relevant,Authority,Healthy,Non-Relevant,Obedient,Non-Relevant,Non-Relevant,,,,,,,,,,,
,,,https://www.youtube.com/watch?v=AgQtvfUd8Qc,Jingxu,Non-Relevant,Non-Relevant,Non-Relevant,Non-Relevant,Other,Healthy,Non-Relevant,Obedient,Non-Relevant,Non-Relevant,,,,,,,,,,,
,,,https://www.youtube.com/watch?v=D1Iy5WWD9PY,Jingxu,Creativity,Non-Relevant,Pleasure,Non-Relevant,Non-Relevant,Non-Relevant,Non-Relevant,Non-Relevant,True Friendship,Non-Relevant,,,,,,,,,,,
,,,https://www.youtube.com/watch?v=oilZ1hNZPRM,Jingxu,Non-Relevant,Non-Relevant,Other,Other,Social Power,Healthy,Non-Relevant,Non-Relevant,A Spritual Life,Inner Harmony,,,,,,,,,,,
,,,https://www.youtube.com/watch?v=vU0PZX--USk,Jingxu,Other,Non-Relevant,Other,Non-Relevant,Non-Relevant,Non-Relevant,Moderate,Non-Relevant,Non-Relevant,Non-Relevant,,,,,,,,,,,
,,,https://www.youtube.com/watch?v=V_jHc_n0p9c,Jingxu,Choosing Own Goals,Excitement in Life,Self Endulgent,Non-Relevant,Non-Relevant,Non-Relevant,Non-Relevant,Non-Relevant,Other,Non-Relevant,,,,,,,,,,,
,,,https://www.youtube.com/watch?v=b4F_SJHfgqo,Jingxu,Creativity,Non-Relevant,Non-Relevant,Other,Non-Relevant,Non-Relevant,Non-Relevant,Non-Relevant,Non-Relevant,Non-Relevant,,,,,,,,,,,
,,,https://www.youtube.com/watch?v=jJPMnTXl63E,Jingxu,Choosing Own Goals,Non-Relevant,Non-Relevant,Non-Relevant,Non-Relevant,Sense of Belonging,Non-Relevant,Non-Relevant,Mature Love,Non-Relevant,,,,,,,,,,,
,,,https://www.youtube.com/watch?v=HkUqO4D0dDI,Jingxu,Choosing Own Goals,Excitement in Life,Other,Capabale,Non-Relevant,Non-Relevant,Non-Relevant,Non-Relevant,Non-Relevant,Non-Relevant,,,,,,,,,,,
,,,https://www.youtube.com/watch?v=J4l31Sz2huQ,Jingxu,Non-Relevant,Non-Relevant,Non-Relevant,Non-Relevant,Social Power,National Security,Non-Relevant,Non-Relevant,Non-Relevant,Non-Relevant,,,,,,,,,,,
,,,https://www.youtube.com/watch?v=roDLqa_KF1Q,Jingxu,Non-Relevant,Non-Relevant,Non-Relevant,Non-Relevant,Non-Relevant,Healthy,Non-Relevant,Non-Relevant,Responsible,Non-Relevant,,,,,,,,,,,
,,,https://www.youtube.com/watch?v=2EBNbtwfSuo,Jingxu,Non-Relevant,Excitement in Life,Non-Relevant,Other,Social Recognition,Non-Relevant,Non-Relevant,Non-Relevant,Other,Other,,,,,,,,,,,
,,,https://www.youtube.com/watch?v=oCmC2jzRPBo,Liam,Creativity,,,,,,,,,,,,,,,,,,,,
,,,https://www.youtube.com/watch?v=kk5-ynRPfss,Liam,,,,,Authority,,Respect for tradition,,,,,,,,,,,,,,
,,,https://www.youtube.com/watch?v=Qw2OBCfXsEo,Liam,,,,,,Social Order,,,,Unity with Nature,,,,,,,,,,,
,,,https://www.youtube.com/watch?v=Puxh7ANtDOo,Liam,Curious,,,,Authority,,Other,,,,,,,,,,,,,,
,,,https://www.youtube.com/watch?v=B7ivFcGbFJM,Liam,Curious,,,,,Social Order,,,,Unity with Nature,,,,,,,,,,,
,,,https://www.youtube.com/watch?v=5XW0m9errMs,Liam,,,,,Authority,,Respect for tradition,,,,,,,,,,,,,,
,,,https://www.youtube.com/watch?v=HPgpd26AV6k,Liam,Curious,,,,Authority,,Respect for tradition,,,,,,,,,,,,,,
,,,https://www.youtube.com/watch?v=P3RXtoYCW4M,Liam,Curious,,,Intelligent,,,Respect for tradition,,,,,,,,,,,,,,
,,,https://www.youtube.com/watch?v=bka20Q9TN6M,Liam,Choosing Own Goals,,,Intelligent,,,,,,,,,,,,,,,,,
,,,https://www.youtube.com/watch?v=ZigwScRtXic,Liam,,,Self Endulgent,,,,,,,,,,,,,,,,,,
,,,https://www.youtube.com/watch?v=n9IH5Y1wAJs,Jingxu,Non-Relevant,Non-Relevant,Non-Relevant,Non-Relevant,Non-Relevant,Non-Relevant,Non-Relevant,Politeness,Other,Non-Relevant,,,,,,,,,,,
,,,https://www.youtube.com/watch?v=FSyAehMdpyI,Jingxu,Curious,Non-Relevant,Non-Relevant,Intelligent,Non-Relevant,Non-Relevant,Non-Relevant,Non-Relevant,Non-Relevant,Non-Relevant,,,,,,,,,,,
,,,https://www.youtube.com/watch?v=uLp0NhNszQU,Jingxu,Curious,Daring,Non-Relevant,Intelligent,Non-Relevant,Non-Relevant,Non-Relevant,Non-Relevant,Non-Relevant,Non-Relevant,,,,,,,,,,,
,,,https://www.youtube.com/watch?v=QXT4OVM4vXI,Jingxu,Curious,Non-Relevant,Non-Relevant,Intelligent,Non-Relevant,Non-Relevant,Non-Relevant,Non-Relevant,Non-Relevant,Non-Relevant,,,,,,,,,,,
,,,https://www.youtube.com/watch?v=MYuh5yErdfA,Jingxu,Curious,Non-Relevant,Non-Relevant,Intelligent,Non-Relevant,Non-Relevant,Non-Relevant,Non-Relevant,Non-Relevant,Non-Relevant,,,,,,,,,,,
,,,https://www.youtube.com/watch?v=ynHIlx5RgtI,Jingxu,Other,Non-Relevant,Non-Relevant,Intelligent,Other,Non-Relevant,Respect for tradition,Non-Relevant,Non-Relevant,Non-Relevant,,,,,,,,,,,
,,,https://www.youtube.com/watch?v=j3XpfBChLyk,Jingxu,Other,Non-Relevant,Non-Relevant,Intelligent,Other,Non-Relevant,Respect for tradition,Non-Relevant,Non-Relevant,Non-Relevant,,,,,,,,,,,
,,,https://www.youtube.com/watch?v=G5xk-r3Bo9I,Jingxu,Curious,Non-Relevant,Non-Relevant,Intelligent,Non-Relevant,Non-Relevant,Non-Relevant,Non-Relevant,Non-Relevant,Wisdom,,,,,,,,,,,
,,,https://www.youtube.com/watch?v=_AQZTW1ua3g,Jingxu,Curious,Non-Relevant,Non-Relevant,Intelligent,Non-Relevant,Non-Relevant,Non-Relevant,Non-Relevant,Non-Relevant,A World at Peace,,,,,,,,,,,
,,,https://www.youtube.com/watch?v=0HSFkBzQFLU,Jingxu,Other,Non-Relevant,Non-Relevant,Intelligent,Non-Relevant,Non-Relevant,Non-Relevant,Non-Relevant,Non-Relevant,Wisdom,,,,,,,,,,,
,,,https://www.youtube.com/watch?v=nF6aaXc7SmQ,Liam,,,,,Wealth,National Security,,,,Protecting the Environment,,,,,,,,,,,
,,,https://www.youtube.com/watch?v=kRh1zXFKC_o,Liam,Curious,,,,,,,,,A World of Beauty,,,,,,,,,,,
,,,https://www.youtube.com/watch?v=4HGNqFdaD34,Liam,,,,,,,,,,A World of Beauty,,,,,,,,,,,
,,,https://www.youtube.com/watch?v=yWMKYID5fr8,Liam,Curious,,,Intelligent,,,,,,,,,,,,,,,,,
,,,https://www.youtube.com/watch?v=tKxFLH2Nhe4,Liam,Curious,,,Intelligent,,,,,,,,,,,,,,,,,
,,,https://www.youtube.com/watch?v=YxtQQYBtZUs,Liam,Creativity,Variation in Life,,,,,,,,,,,,,,,,,,,
,,,https://www.youtube.com/watch?v=Kr1fmKVY3cA,Liam,Curious,Daring,,Intelligent,,,,,A Spritual Life,Broadminded,,,,,,,,,,,
,,,https://www.youtube.com/watch?v=76jpCIZTq2E,Liam,Creativity,,,Capabale,,,,,,Inner Harmony,,,,,,,,,,,
,,,https://www.youtube.com/watch?v=HoXyw909Qu0,Liam,Curious,,,,,,Respect for tradition,,,Broadminded,,,,,,,,,,,
,,,https://www.youtube.com/watch?v=ijXqKtxvm48,Liam,Creativity,,,Successful,Wealth,,,,,Other,,,,,,,,,,,
,,,https://www.youtube.com/watch?v=DWIsIQ9JxxE,Liam,Creativity,,,Capabale,,,,,,,,,,,,,,,,,
,,,https://www.youtube.com/watch?v=mE-lTa55dnI,Liam,Choosing Own Goals,,,Ambitious,,Social Order,,Obedient,,,,,,,,,,,,,
,,,https://www.youtube.com/watch?v=C-5l2kXhK3k,Liam,Creativity,,,Capabale,,,,,,,,,,,,,,,,,
,,,https://www.youtube.com/watch?v=FYxU1B3xuV4,Liam,Creativity,Variation in Life,,,,,,,,,,,,,,,,,,,
,,,https://www.youtube.com/watch?v=XtCEe8ssRVc,Bugsy,Creativity,,Self Endulgent,Other,,,,,,,,,,,,,,,,,
,,,https://www.youtube.com/watch?v=a51CdTB2snA,Bugsy,Creativity,,Self Endulgent,Other,,,,,,,,,,,,,,,,,
,,,https://www.youtube.com/watch?v=27q1HlQeRQc,Bugsy,,,Other,,,,,,,,,,,,,,,,,,
,,,https://www.youtube.com/watch?v=bQzIQa5YKvw,Bugsy,,,Other,,,,,,,,,,,,,,,,,,
,,,https://www.youtube.com/watch?v=5m4z52BhavQ,Bugsy,Creativity,,Other,,,,,,,,,,,,,,,,,,
,,,https://www.youtube.com/watch?v=AsozyHE6OKE,Bugsy,Creativity,,Other,,,,,,,,,,,,,,,,,,
,,,https://www.youtube.com/watch?v=91n3p6NLNfQ,Bugsy,,,,,Authority,,,Self-Discipline,Responsible,,,,,,,,,,,,
,,,https://www.youtube.com/watch?v=MsplPPW7tFo,Bugsy,,,,,,,,,,,,,,,,,,,,,
,,,https://www.youtube.com/watch?v=5H_kiCyo0Bs,Bugsy,,,Self Endulgent,,,,,,,,,,,,,,,,,,
,,,https://www.youtube.com/watch?v=T8yEdNx4dB0,Bugsy,,,Self Endulgent,,,,,,,,,,,,,,,,,,
,,,https://www.youtube.com/watch?v=H_4Pu97Uj2A,Bugsy,Curious,,,,,,Other,,,,,,,,,,,,,,
,,,https://www.youtube.com/watch?v=pgVHPeqAJ5M,Bugsy,Curious,,Pleasure,Capabale,,,,,,,,,,,,,,,,,
,,,https://www.youtube.com/watch?v=EiYm20F9WXU,Bugsy,Choosing Own Goals,Variation in Life,Other,Capabale,,,,,,,,,,,,,,,,,
,,,https://www.youtube.com/watch?v=vNEkzMr3n_k,Bugsy,Choosing Own Goals,Variation in Life,,Successful,,,,,,,,,,,,,,,,,
,,,https://www.youtube.com/watch?v=9s1SGcK6O6c,Bugsy,Choosing Own Goals,Variation in Life,,Successful,,,,,,,,,,,,,,,,,
,,,https://www.youtube.com/watch?v=28lwh1ej9Z4,Bugsy,,,Self Endulgent,,,,,,,,,,,,,,,,,,
,,,https://www.youtube.com/watch?v=FcgL0Is-pVU,Liam,Curious,,,,Social Recognition,,Respect for tradition,,,,,,,,,,,,,,
,,,https://www.youtube.com/watch?v=9X45QtbeznQ,Liam,Curious,,,,Other,,Respect for tradition,,,,,,,,,,,,,,
,,,https://www.youtube.com/watch?v=C-otxvT5BCs,Liam,Curious,,,,,,Respect for tradition,,,,,,,,,,,,,,
,,,https://www.youtube.com/watch?v=Vk3Mvd_AZHw,Liam,Creativity,,,Other,,,Respect for tradition,,,,,,,,,,,,,,
,,,https://www.youtube.com/watch?v=lotbZQ55SgU,Liam,Creativity,,,Successful,,,Respect for tradition,,,A World of Beauty,,,,,,,,,,,
,,,https://www.youtube.com/watch?v=AAxcH_WaJRw,Liam,Curious,Excitement in Life,,,,Family Security,,Honouring of elders,,,,,,,,,,,,,
,,,https://www.youtube.com/watch?v=_KZNi3LOyG0,Liam,,,,,,,,,,,,,,,,,,,,,
,,,https://www.youtube.com/watch?v=FMZFitVUw5E,Jingxu,Self Respect,Non-Relevant,Non-Relevant,Capabale,Other,Social Order,Non-Relevant,Politeness,Non-Relevant,Non-Relevant,,,,,,,,,,,
,,,https://www.youtube.com/watch?v=2GQPPJCWFoQ,Jingxu,Other,Non-Relevant,Non-Relevant,Non-Relevant,Non-Relevant,Other,Non-Relevant,Non-Relevant,Non-Relevant,Non-Relevant,,,,,,,,,,,
,,,https://www.youtube.com/watch?v=EjQrhDKDWFk,Bugsy,Curious,Non-Relevant,Non-Relevant,Non-Relevant,Non-Relevant,Other,Non-Relevant,Other,Non-Relevant,Non-Relevant,,,,,,,,,,,
,,,https://www.youtube.com/watch?v=oPaG-kI4bHQ,Bugsy,Non-Relevant,Non-Relevant,Non-Relevant,Non-Relevant,Non-Relevant,Non-Relevant,Non-Relevant,Non-Relevant,Non-Relevant,Non-Relevant,,,,,,,,,,,
,,,https://www.youtube.com/watch?v=2jLTSzf-5p4,Bugsy,Curious,Excitement in Life,Non-Relevant,Non-Relevant,Other,Non-Relevant,Non-Relevant,Non-Relevant,Non-Relevant,Non-Relevant,,,,,,,,,,,
,,,https://www.youtube.com/watch?v=_3Nm2G9_LeM,Bugsy,Creativity,Non-Relevant,Non-Relevant,Non-Relevant,Authority,National Security,Non-Relevant,Non-Relevant,Non-Relevant,Non-Relevant,,,,,,,,,,,
,,,https://www.youtube.com/watch?v=xlZzVizTy94,Bugsy,Non-Relevant,Non-Relevant,Non-Relevant,Non-Relevant,Non-Relevant,Non-Relevant,Non-Relevant,Non-Relevant,Non-Relevant,Non-Relevant,,,,,,,,,,,
,,,https://www.youtube.com/watch?v=_LJwcTy56ac,Bugsy,Non-Relevant,Non-Relevant,Enjoying Life,Capabale,Non-Relevant,Non-Relevant,Non-Relevant,Non-Relevant,Non-Relevant,Non-Relevant,,,,,,,,,,,
,,,https://www.youtube.com/watch?v=8s5H76F3SIs,Bugsy,Non-Relevant,Other,Non-Relevant,Non-Relevant,Non-Relevant,Non-Relevant,Non-Relevant,Non-Relevant,Non-Relevant,Other,,,,,,,,,,,
,,,https://www.youtube.com/watch?v=Jydbnx1wqAQ,Bugsy,Non-Relevant,Non-Relevant,Non-Relevant,Other,Social Recognition,Non-Relevant,Non-Relevant,Non-Relevant,Non-Relevant,Non-Relevant,,,,,,,,,,,
,,,https://www.youtube.com/watch?v=je4Uw8qUj08,Bugsy,Non-Relevant,Other,Other,Non-Relevant,Non-Relevant,Non-Relevant,Non-Relevant,Non-Relevant,Non-Relevant,Non-Relevant,,,,,,,,,,,
,,,https://www.youtube.com/watch?v=0TH12qb3SLA,Bugsy,Non-Relevant,Non-Relevant,Non-Relevant,Non-Relevant,Non-Relevant,Non-Relevant,Non-Relevant,Politeness,Non-Relevant,Other,,,,,,,,,,,
,,,https://www.youtube.com/watch?v=s3BzHO0mT5s,Bugsy,Non-Relevant,Other,Non-Relevant,Non-Relevant,Non-Relevant,Non-Relevant,Non-Relevant,Non-Relevant,Non-Relevant,Non-Relevant,,,,,,,,,,,
,,,https://www.youtube.com/watch?v=Yiafb0-gqF4,Bugsy,Non-Relevant,Non-Relevant,Non-Relevant,Non-Relevant,Non-Relevant,Non-Relevant,Non-Relevant,Non-Relevant,Non-Relevant,Non-Relevant,,,,,,,,,,,
,,,https://www.youtube.com/watch?v=pb6dwSM7hM8,Tim,Curious,Variation in Life,Non-Relevant,Non-Relevant,Non-Relevant,Non-Relevant,Non-Relevant,Non-Relevant,Non-Relevant,A World of Beauty,,,,,,,,,,,
,,,https://www.youtube.com/watch?v=xhZrFfi55bI,Tim,Choosing Own Goals,Non-Relevant,Non-Relevant,Successful,Wealth,Non-Relevant,Non-Relevant,Non-Relevant,Non-Relevant,Non-Relevant,,,,,,,,,,,
,,,https://www.youtube.com/watch?v=YKtlK7sn0JQ,Tim,Non-Relevant,Variation in Life,Pleasure,Non-Relevant,Non-Relevant,Non-Relevant,Non-Relevant,Non-Relevant,Non-Relevant,Non-Relevant,,,,,,,,,,,
,,,https://www.youtube.com/watch?v=toi3m2VOc9w,Tim,Non-Relevant,Excitement in Life,Self Endulgent,Non-Relevant,Wealth,Non-Relevant,Non-Relevant,Non-Relevant,Non-Relevant,Non-Relevant,,,,,,,,,,,
,,,https://www.youtube.com/watch?v=yOp0cyWp_P4,Tim,Non-Relevant,Excitement in Life,Non-Relevant,Non-Relevant,Social Power,National Security,Non-Relevant,Non-Relevant,Non-Relevant,Non-Relevant,,,,,,,,,,,
,,,https://www.youtube.com/watch?v=dVO03zs0k8U,Tim,Independent,Non-Relevant,Non-Relevant,Capabale,Wealth,Social Order,Non-Relevant,Non-Relevant,Non-Relevant,Non-Relevant,,,,,,,,,,,
,,,https://www.youtube.com/watch?v=CJvzh5x-fB8,Tim,Independent,Non-Relevant,Non-Relevant,Successful,Wealth,Non-Relevant,Non-Relevant,Self-Discipline,Non-Relevant,Non-Relevant,,,,,,,,,,,
,,,https://www.youtube.com/watch?v=2-VKC8g2u1Y,Tim,Independent,Non-Relevant,Non-Relevant,Successful,Non-Relevant,Non-Relevant,Non-Relevant,Non-Relevant,Non-Relevant,Non-Relevant,,,,,,,,,,,
,,,https://www.youtube.com/watch?v=ReVeUvwTGdU,Tim,Other,Non-Relevant,Non-Relevant,Intelligent,Non-Relevant,Non-Relevant,Non-Relevant,Non-Relevant,Responsible,Non-Relevant,,,,,,,,,,,
,,,https://www.youtube.com/watch?v=Z1Yd7upQsXY,Tim,Curious,Non-Relevant,Non-Relevant,Intelligent,Non-Relevant,Non-Relevant,Non-Relevant,Non-Relevant,Non-Relevant,Non-Relevant,,,,,,,,,,,
,,,https://www.youtube.com/watch?v=bjFvcFjJpE0,Tim,Choosing Own Goals,Non-Relevant,Non-Relevant,Capabale,Non-Relevant,Non-Relevant,Non-Relevant,Non-Relevant,Non-Relevant,Non-Relevant,,,,,,,,,,,
,,,https://www.youtube.com/watch?v=5umbf4ps0GQ,Tim,,,,,,,,,,,,,,,,,,,,,
,,,https://www.youtube.com/watch?v=eJSik6ejkr0,Bugsy,Freedom,,,,,,,,,,,,,,,,,,,,
,,,https://www.youtube.com/watch?v=TfbpfteKN5A,Bugsy,,,,,Social Recognition,,,Other,,,,,,,,,,,,,
,,,https://www.youtube.com/watch?v=R2Eotw3IxN4,Bugsy,,Variation in Life,,,,,,,True Friendship,,,,,,,,,,,,
,,,https://www.youtube.com/watch?v=CRJTGPk9V-Q,Bugsy,,,,,,,,,True Friendship,,,,,,,,,,,,
,,,https://www.youtube.com/watch?v=SZ_CjZ9TMmg,Bugsy,Choosing Own Goals,,Other,,Social Power,,,,,,,,,,,,,,,,
,,,https://www.youtube.com/watch?v=KXbvBENDJxA,Bugsy,,Other,Self Endulgent,,,,,,,,,,,,,,,,,,
,,,https://www.youtube.com/watch?v=YyC6OwnN_qY,Jingxu,Other,Daring,Enjoying Life,Non-Relevant,Non-Relevant,Non-Relevant,Non-Relevant,Non-Relevant,True Friendship,Non-Relevant,,,,,,,,,,,
,,,https://www.youtube.com/watch?v=rGcxi-85c34,Jingxu,Self Respect,Non-Relevant,Non-Relevant,Non-Relevant,Social Recognition,Social Order,Other,Non-Relevant,Non-Relevant,Non-Relevant,,,,,,,,,,,
,,,https://www.youtube.com/watch?v=AvfUcQcL-0k,Jingxu,Other,Non-Relevant,Non-Relevant,Successful,Authority,Family Security,Other,Non-Relevant,Helpful,Non-Relevant,,,,,,,,,,,
,,,https://www.youtube.com/watch?v=HTp2Zzi4Fhg,Jingxu,Independent,Non-Relevant,Non-Relevant,Influential,Social Recognition,Healthy,Non-Relevant,Non-Relevant,Responsible,Non-Relevant,,,,,,,,,,,
,,,https://www.youtube.com/watch?v=gYD6fBIILCk,Jingxu,Creativity,Non-Relevant,Non-Relevant,Non-Relevant,Non-Relevant,Non-Relevant,Non-Relevant,Non-Relevant,Non-Relevant,Non-Relevant,,,,,,,,,,,
,,,https://www.youtube.com/watch?v=9VuaFh9Lg6w,Jingxu,Creativity,Non-Relevant,Non-Relevant,Intelligent,Social Recognition,Non-Relevant,Non-Relevant,Non-Relevant,Non-Relevant,Non-Relevant,,,,,,,,,,,
,,,https://www.youtube.com/watch?v=mvIv9XEINhM,Jingxu,Non-Relevant,Non-Relevant,Non-Relevant,Influential,Social Recognition,Non-Relevant,Non-Relevant,Non-Relevant,Other,Non-Relevant,,,,,,,,,,,
,,,https://www.youtube.com/watch?v=RxAtuMu_ph4,Jingxu,Non-Relevant,Daring,Non-Relevant,Influential,Social Recognition,National Security,Non-Relevant,Non-Relevant,Other,Non-Relevant,,,,,,,,,,,
,,,https://www.youtube.com/watch?v=ZNKVGUjiac0,Jingxu,Non-Relevant,Excitement in Life,Non-Relevant,Successful,Social Recognition,Non-Relevant,Non-Relevant,Non-Relevant,Responsible,Non-Relevant,,,,,,,,,,,
,,,https://www.youtube.com/watch?v=SY86xyG-hDY,Jingxu,Other,Non-Relevant,Self Endulgent,Capabale,Non-Relevant,Non-Relevant,Non-Relevant,Non-Relevant,Helpful,Non-Relevant,,,,,,,,,,,
,,,https://www.youtube.com/watch?v=iZx04fmxdfA,Bugsy,,,Other,,,,,,,,,,,,,,,,,,
,,,https://www.youtube.com/watch?v=QGQQ7pJQqHk,Bugsy,,,,,,,,,,Inner Harmony,,,,,,,,,,,
,,,https://www.youtube.com/watch?v=FFLTU9eIijw,Bugsy,,,Other,,,,,,,,,,,,,,,,,,
,,,https://www.youtube.com/watch?v=ft-VLMh3Vz4,Bugsy,,,Other,,,,,,,,,,,,,,,,,,
,,,https://www.youtube.com/watch?v=nTII0cyUbQo,Bugsy,Curious,,,,,,,,Helpful,Other,,,,,,,,,,,
,,,https://www.youtube.com/watch?v=4KbSRXP0wik,Bugsy,Curious,,,,,,,,,Broadminded,,,,,,,,,,,
,,,https://www.youtube.com/watch?v=x4MRpGEwav4,Bugsy,,Other,Self Endulgent,,,,,,,,,,,,,,,,,,
,,,https://www.youtube.com/watch?v=-C-ic2H24OU,Bugsy,Curious,,,Capabale,,,,,,,,,,,,,,,,,
,,,https://www.youtube.com/watch?v=m-M1AtrxztU,Bugsy,,,,,,,,,,,,,,,,,,,,,
,,,https://www.youtube.com/watch?v=ZlKgMkZp6NM,Bugsy,,Excitement in Life,Pleasure,,,,,,True Friendship,,,,,,,,,,,,
,,,https://www.youtube.com/watch?v=sdS4Rw8inro,Bugsy,Choosing Own Goals,Variation in Life,,,,,,,,,,,,,,,,,,,
,,,https://www.youtube.com/watch?v=FJuaAWrgoUY,Bugsy,Choosing Own Goals,Excitement in Life,,,Social Recognition,,,,,,,,,,,,,,,,
,,,https://www.youtube.com/watch?v=Dkc9mAh152Q,Bugsy,Choosing Own Goals,,,,,,,,,,,,,,,,,,,,
,,,https://www.youtube.com/watch?v=E0NkGtNU_9w,Bugsy,,,,,Social Power,Social Order,Accepting my portion in life,Obedient,,Equality,,,,,,,,,,,
,,,https://www.youtube.com/watch?v=Jp7oM9mAIXQ,Bugsy,Choosing Own Goals,,,,,,Accepting my portion in life,,,,,,,,,,,,,,
,,,https://www.youtube.com/watch?v=A2HFusWQIeE,Bugsy,Choosing Own Goals,,,,,,,,,,,,,,,,,,,,
,,,https://www.youtube.com/watch?v=9mPwQTiMSj8,Bugsy,Curious,Variation in Life,,,,,,,,Wisdom,,,,,,,,,,,
,,,https://www.youtube.com/watch?v=TQwfKg_s4bQ,Bugsy,Curious,Variation in Life,,,,,,,,Wisdom,,,,,,,,,,,
,,,https://www.youtube.com/watch?v=aX7jnVXXG5o,Bugsy,Curious,,,,,Healthy,,,,Wisdom,,,,,,,,,,,
,,,https://www.youtube.com/watch?v=n4gIMnU8E8U,Bugsy,Curious,,,,,,,,,,,,,,,,,,,,
,,,https://www.youtube.com/watch?v=xzNMABRELPg,Jingxu,Non-Relevant,Non-Relevant,Non-Relevant,Non-Relevant,Non-Relevant,Healthy,Non-Relevant,Non-Relevant,Helpful,Non-Relevant,,,,,,,,,,,
,,,https://www.youtube.com/watch?v=WJGGxhLXqVE,Jingxu,Creativity,Non-Relevant,Non-Relevant,Non-Relevant,Non-Relevant,Non-Relevant,Non-Relevant,Non-Relevant,Non-Relevant,Non-Relevant,,,,,,,,,,,
,,,https://www.youtube.com/watch?v=mhDJNfV7hjk,Jingxu,Choosing Own Goals,Non-Relevant,Pleasure,Successful,Non-Relevant,Non-Relevant,Non-Relevant,Non-Relevant,Non-Relevant,Non-Relevant,,,,,,,,,,,
,,,https://www.youtube.com/watch?v=NhwVHl7ILBQ,Jingxu,Other,Non-Relevant,Non-Relevant,Successful,Non-Relevant,Non-Relevant,Non-Relevant,Non-Relevant,Non-Relevant,Non-Relevant,,,,,,,,,,,
,,,https://www.youtube.com/watch?v=XyRZgKd5shs,Jingxu,Other,Non-Relevant,Non-Relevant,Successful,Non-Relevant,Non-Relevant,Non-Relevant,Non-Relevant,Non-Relevant,Non-Relevant,,,,,,,,,,,
,,,https://www.youtube.com/watch?v=tpiyEe_CqB4,Jingxu,Non-Relevant,Non-Relevant,Pleasure,Non-Relevant,Non-Relevant,Non-Relevant,Non-Relevant,Non-Relevant,Other,Non-Relevant,,,,,,,,,,,
,,,https://www.youtube.com/watch?v=7na_-LfGfpE,Jingxu,,,,,,,,,,,,,,,,,,,,,
,,,https://www.youtube.com/watch?v=cytJLvf-eVs,Jingxu,Non-Relevant,Non-Relevant,Pleasure,Non-Relevant,Non-Relevant,Non-Relevant,Non-Relevant,Non-Relevant,Other,Non-Relevant,,,,,,,,,,,
,,,https://www.youtube.com/watch?v=AbuCZOmoen4,Jingxu,Non-Relevant,Non-Relevant,Non-Relevant,Intelligent,Non-Relevant,Non-Relevant,Non-Relevant,Non-Relevant,Helpful,Non-Relevant,,,,,,,,,,,
,,,https://www.youtube.com/watch?v=rvlA9UxGvSg,Jingxu,Other,Non-Relevant,Non-Relevant,Intelligent,Non-Relevant,Healthy,Non-Relevant,Non-Relevant,Helpful,Non-Relevant,,,,,,,,,,,
,,,https://www.youtube.com/watch?v=muAiqLbblVQ,Jingxu,Creativity,Non-Relevant,Non-Relevant,Non-Relevant,Non-Relevant,Other,Non-Relevant,Non-Relevant,Non-Relevant,Non-Relevant,,,,,,,,,,,
,,,https://www.youtube.com/watch?v=j_zJG6cygmU,Jingxu,Choosing Own Goals,Non-Relevant,Non-Relevant,Capabale,Non-Relevant,Clean,Non-Relevant,Non-Relevant,Non-Relevant,Non-Relevant,,,,,,,,,,,
,,,https://www.youtube.com/watch?v=teAQHfiqANQ,Jingxu,Independent,Non-Relevant,Non-Relevant,Influential,Non-Relevant,Non-Relevant,Non-Relevant,Non-Relevant,Helpful,Non-Relevant,,,,,,,,,,,
,,,https://www.youtube.com/watch?v=8duCa_htbzQ,Jingxu,Independent,Non-Relevant,Enjoying Life,Capabale,Non-Relevant,Clean,Non-Relevant,Non-Relevant,Helpful,Non-Relevant,,,,,,,,,,,
,,,https://www.youtube.com/watch?v=bKjRKZxr-KY,Jingxu,Independent,Non-Relevant,Non-Relevant,Capabale,Non-Relevant,Non-Relevant,Non-Relevant,Non-Relevant,Helpful,Non-Relevant,,,,,,,,,,,
,,,https://www.youtube.com/watch?v=_a0e0bAU1Yg,Jingxu,Independent,Non-Relevant,Non-Relevant,Capabale,Non-Relevant,Non-Relevant,Non-Relevant,Non-Relevant,Helpful,Non-Relevant,,,,,,,,,,,
,,,https://www.youtube.com/watch?v=lwor3J-wFnQ,Jingxu,Independent,Non-Relevant,Non-Relevant,Capabale,Non-Relevant,Non-Relevant,Non-Relevant,Non-Relevant,Helpful,Non-Relevant,,,,,,,,,,,
,,,https://www.youtube.com/watch?v=LlY90lG_Fuw,Jingxu,Freedom,Daring,Other,Influential,Social Power,Non-Relevant,Non-Relevant,Non-Relevant,Other,Social Justice,,,,,,,,,,,
,,,https://www.youtube.com/watch?v=hsJrbHx6ZT4,Jingxu,Freedom,Daring,Other,Influential,Social Recognition,Non-Relevant,Non-Relevant,Non-Relevant,Other,Unity with Nature,,,,,,,,,,,
,,,https://www.youtube.com/watch?v=eVvS3L_aBV4,Jingxu,Freedom,Non-Relevant,Non-Relevant,Ambitious,Authority,Social Order,Non-Relevant,Non-Relevant,Other,Non-Relevant,,,,,,,,,,,
,,,https://www.youtube.com/watch?v=P909QZcRVRo,Jingxu,Freedom,Non-Relevant,Non-Relevant,Non-Relevant,Non-Relevant,Non-Relevant,Non-Relevant,Non-Relevant,Non-Relevant,Non-Relevant,,,,,,,,,,,
,,,https://www.youtube.com/watch?v=8alv3kZt8Ug,Jingxu,Non-Relevant,Non-Relevant,Non-Relevant,Intelligent,Non-Relevant,Non-Relevant,Non-Relevant,Non-Relevant,Helpful,Non-Relevant,,,,,,,,,,,
,,,https://www.youtube.com/watch?v=k6M5C-oKw9k,Jingxu,Independent,Excitement in Life,Non-Relevant,Non-Relevant,Social Recognition,Non-Relevant,Non-Relevant,Non-Relevant,Mature Love,Non-Relevant,,,,,,,,,,,
,,,https://www.youtube.com/watch?v=ZbZSe6N_BXs,Jingxu,Creativity,Excitement in Life,Pleasure,Influential,Social Recognition,Non-Relevant,Non-Relevant,Non-Relevant,A Spritual Life,Inner Harmony,,,,,,,,,,,
,,,https://www.youtube.com/watch?v=epN4RnALvwk,Jingxu,,,,,,,,,,,,,,,,,,,,,
,,,https://www.youtube.com/watch?v=hdcTmpvDO0I,Jingxu,,,,,,,,,,,,,,,,,,,,,
,,,https://www.youtube.com/watch?v=YXTzMOmmEfE&list=RDYXTzMOmmEfE&start_radio=1,Jingxu,Other,Daring,Self Endulgent,Non-Relevant,Social Recognition,Sense of Belonging,Non-Relevant,Non-Relevant,Non-Relevant,Non-Relevant,,,,,,,,,,,
,,,https://www.youtube.com/watch?v=yjYrxcGSWX4,Jingxu,Self Respect,Non-Relevant,Non-Relevant,Successful,Social Power,Non-Relevant,Accepting my portion in life,Non-Relevant,Non-Relevant,Non-Relevant,,,,,,,,,,,
,,,https://www.youtube.com/watch?v=_8MwiGYzlyg,Jingxu,Creativity,Non-Relevant,Non-Relevant,Intelligent,Non-Relevant,Non-Relevant,Non-Relevant,Non-Relevant,Non-Relevant,Broadminded,,,,,,,,,,,
,,,https://www.youtube.com/watch?v=EcXNSierbPU,Jingxu,Creativity,Non-Relevant,Pleasure,Non-Relevant,Non-Relevant,Non-Relevant,Non-Relevant,Non-Relevant,Meaning in Life,Broadminded,,,,,,,,,,,
,,,https://www.youtube.com/watch?v=fwxESENtWUI,Jingxu,Non-Relevant,Non-Relevant,Enjoying Life,Other,Non-Relevant,Sense of Belonging,Detachment,Non-Relevant,Non-Relevant,Inner Harmony,,,,,,,,,,,
,,,https://www.youtube.com/watch?v=Kl1NW7h7lrY,Jingxu,,,,,,,,,,,,,,,,,,,,,
,,,https://www.youtube.com/watch?v=DrKvnjlynq8,Jingxu,Creativity,Non-Relevant,Pleasure,Non-Relevant,Non-Relevant,Non-Relevant,Non-Relevant,Non-Relevant,Non-Relevant,Non-Relevant,,,,,,,,,,,
,,,https://www.youtube.com/watch?v=GOfl2sbgPhk,Jingxu,Choosing Own Goals,Non-Relevant,Non-Relevant,Successful,Non-Relevant,Non-Relevant,Non-Relevant,Self-Discipline,Non-Relevant,Non-Relevant,,,,,,,,,,,
,,,https://www.youtube.com/watch?v=jERtISbwMnY,Jingxu,Non-Relevant,Excitement in Life,Non-Relevant,Non-Relevant,Non-Relevant,Non-Relevant,Non-Relevant,Non-Relevant,Non-Relevant,Non-Relevant,,,,,,,,,,,
,,,https://www.youtube.com/watch?v=XpKvs-apvOs,Jingxu,Choosing Own Goals,Non-Relevant,Non-Relevant,Successful,Non-Relevant,Non-Relevant,Non-Relevant,Self-Discipline,Non-Relevant,Non-Relevant,,,,,,,,,,,
,,,https://www.youtube.com/watch?v=V5qXWopE_xw,Jingxu,,,,,,,,,,,,,,,,,,,,,
,,,https://www.youtube.com/watch?v=c2EBx0PDmPY,Jingxu,Curious,Non-Relevant,Non-Relevant,Successful,Social Recognition,Non-Relevant,Non-Relevant,Non-Relevant,Non-Relevant,Non-Relevant,,,,,,,,,,,
,,,https://www.youtube.com/watch?v=ntbJGZjwsiY,Jingxu,Other,Non-Relevant,Non-Relevant,Capabale,Non-Relevant,Non-Relevant,Non-Relevant,Self-Discipline,Non-Relevant,Non-Relevant,,,,,,,,,,,
,,,https://www.youtube.com/watch?v=3qgoto6kAgg,Jingxu,Privacy,Non-Relevant,Non-Relevant,Influential,Non-Relevant,Other,Non-Relevant,Non-Relevant,Non-Relevant,Non-Relevant,,,,,,,,,,,
,,,https://www.youtube.com/watch?v=MQc-UjE560A,Jingxu,Privacy,Non-Relevant,Non-Relevant,Non-Relevant,Authority,National Security,Non-Relevant,Non-Relevant,Non-Relevant,Non-Relevant,,,,,,,,,,,
,,,https://www.youtube.com/watch?v=pcSlowAhvUk,Jingxu,Privacy,Non-Relevant,Non-Relevant,Non-Relevant,Non-Relevant,Other,Non-Relevant,Non-Relevant,Non-Relevant,Broadminded,,,,,,,,,,,
